Unique ID,Indicator ID,Name,Measure,Measure Info,Geo Type Name,Geo Join ID,Geo Place Name,Time Period,Start_Date,Data Value,Message
336867,375,Nitrogen dioxide (NO2),Mean,ppb,CD,407,Flushing and Whitestone (CD7),Winter 2014-15,12/01/2014,23.97,
336741,375,Nitrogen dioxide (NO2),Mean,ppb,CD,107,Upper West Side (CD7),Winter 2014-15,12/01/2014,27.42,
550157,375,Nitrogen dioxide (NO2),Mean,ppb,CD,414,Rockaway and Broad Channel (CD14),Annual Average 2017,01/01/2017,12.55,
412802,375,Nitrogen dioxide (NO2),Mean,ppb,CD,407,Flushing and Whitestone (CD7),Winter 2015-16,12/01/2015,22.63,
412803,375,Nitrogen dioxide (NO2),Mean,ppb,CD,407,Flushing and Whitestone (CD7),Summer 2016,06/01/2016,14,
412676,375,Nitrogen dioxide (NO2),Mean,ppb,CD,107,Upper West Side (CD7),Winter 2015-16,12/01/2015,26.43,
412677,375,Nitrogen dioxide (NO2),Mean,ppb,CD,107,Upper West Side (CD7),Summer 2016,06/01/2016,19.1,
603044,375,Nitrogen dioxide (NO2),Mean,ppb,CD,314,Flatbush and Midwood (CD14),Annual Average 2018,01/01/2018,17.28,
412804,375,Nitrogen dioxide (NO2),Mean,ppb,CD,407,Flushing and Whitestone (CD7),Annual Average 2016,12/31/2015,18.2,
825832,375,Nitrogen dioxide (NO2),Mean,ppb,CD,107,Upper West Side (CD7),Winter 2021-22,12/01/2021,22.07527023,
741291,375,Nitrogen dioxide (NO2),Mean,ppb,CD,414,Rockaway and Broad Channel (CD14),Annual Average 2021,01/01/2021,11.33729397,
166679,375,Nitrogen dioxide (NO2),Mean,ppb,CD,414,Rockaway and Broad Channel (CD14),Summer 2009,06/01/2009,8.44,
165912,375,Nitrogen dioxide (NO2),Mean,ppb,CD,414,Rockaway and Broad Channel (CD14),Winter 2010-11,12/01/2010,20.26,
167800,375,Nitrogen dioxide (NO2),Mean,ppb,CD,414,Rockaway and Broad Channel (CD14),Annual Average 2013,12/01/2012,12.54,
336888,375,Nitrogen dioxide (NO2),Mean,ppb,CD,414,Rockaway and Broad Channel (CD14),Winter 2014-15,12/01/2014,20.58,
741290,375,Nitrogen dioxide (NO2),Mean,ppb,CD,414,Rockaway and Broad Channel (CD14),Summer 2021,06/01/2021,4.850858294,
603098,375,Nitrogen dioxide (NO2),Mean,ppb,CD,414,Rockaway and Broad Channel (CD14),Annual Average 2018,01/01/2018,10.41,
826075,375,Nitrogen dioxide (NO2),Mean,ppb,CD,414,Rockaway and Broad Channel (CD14),Winter 2021-22,12/01/2021,15.70203388,
170430,365,Fine particles (PM 2.5),Mean,mcg/m3,CD,307,Sunset Park (CD7),Annual Average 2013,12/01/2012,9.18,
410984,365,Fine particles (PM 2.5),Mean,mcg/m3,CD,107,Upper West Side (CD7),Winter 2015-16,12/01/2015,8.85,
742558,365,Fine particles (PM 2.5),Mean,mcg/m3,CD,414,Rockaway and Broad Channel (CD14),Winter 2020-21,12/01/2020,6.33109299,
169393,365,Fine particles (PM 2.5),Mean,mcg/m3,CD,414,Rockaway and Broad Channel (CD14),Summer 2010,06/01/2010,10.74,
169452,365,Fine particles (PM 2.5),Mean,mcg/m3,CD,414,Rockaway and Broad Channel (CD14),Summer 2011,06/01/2011,10.59,
166856,375,Nitrogen dioxide (NO2),Mean,ppb,CD,414,Rockaway and Broad Channel (CD14),Summer 2012,06/01/2012,8.11,
166915,375,Nitrogen dioxide (NO2),Mean,ppb,CD,414,Rockaway and Broad Channel (CD14),Summer 2013,06/01/2013,7.88,
213253,375,Nitrogen dioxide (NO2),Mean,ppb,CD,307,Sunset Park (CD7),Winter 2013-14,12/01/2013,27.81,
643639,375,Nitrogen dioxide (NO2),Mean,ppb,CD,307,Sunset Park (CD7),Annual Average 2019,01/01/2019,18.52,
603046,375,Nitrogen dioxide (NO2),Mean,ppb,CD,314,Flatbush and Midwood (CD14),Winter 2017-18,12/01/2017,23.47,
643693,375,Nitrogen dioxide (NO2),Mean,ppb,CD,407,Flushing and Whitestone (CD7),Annual Average 2019,01/01/2019,16.27,
825830,375,Nitrogen dioxide (NO2),Mean,ppb,CD,107,Upper West Side (CD7),Annual Average 2022,01/01/2022,18.1703003,
603100,375,Nitrogen dioxide (NO2),Mean,ppb,CD,414,Rockaway and Broad Channel (CD14),Winter 2017-18,12/01/2017,14.31,
643714,375,Nitrogen dioxide (NO2),Mean,ppb,CD,414,Rockaway and Broad Channel (CD14),Annual Average 2019,01/01/2019,9.94,
826077,375,Nitrogen dioxide (NO2),Mean,ppb,CD,414,Rockaway and Broad Channel (CD14),Annual Average 2022,01/01/2022,11.36047467,
165794,375,Nitrogen dioxide (NO2),Mean,ppb,CD,414,Rockaway and Broad Channel (CD14),Winter 2008-09,12/01/2008,20.89,
213278,375,Nitrogen dioxide (NO2),Mean,ppb,CD,414,Rockaway and Broad Channel (CD14),Winter 2013-14,12/01/2013,22.58,
411022,365,Fine particles (PM 2.5),Mean,mcg/m3,CD,207,Kingsbridge Heights and Bedford (CD7),Annual Average 2016,12/31/2015,7.78,
169545,365,Fine particles (PM 2.5),Mean,mcg/m3,CD,307,Sunset Park (CD7),Summer 2013,06/01/2013,10.7,
170455,365,Fine particles (PM 2.5),Mean,mcg/m3,CD,414,Rockaway and Broad Channel (CD14),Annual Average 2013,12/01/2012,7.61,
742560,365,Fine particles (PM 2.5),Mean,mcg/m3,CD,414,Rockaway and Broad Channel (CD14),Annual Average 2021,01/01/2021,5.918832207,
547765,365,Fine particles (PM 2.5),Mean,mcg/m3,CD,414,Rockaway and Broad Channel (CD14),Annual Average 2017,01/01/2017,6.32,
168567,365,Fine particles (PM 2.5),Mean,mcg/m3,CD,414,Rockaway and Broad Channel (CD14),Winter 2010-11,12/01/2010,10.28,
169334,365,Fine particles (PM 2.5),Mean,mcg/m3,CD,414,Rockaway and Broad Channel (CD14),Summer 2009,06/01/2009,9.6,
643640,375,Nitrogen dioxide (NO2),Mean,ppb,CD,307,Sunset Park (CD7),Summer 2019,06/01/2019,16.22,
336866,375,Nitrogen dioxide (NO2),Mean,ppb,CD,407,Flushing and Whitestone (CD7),Summer 2015,06/01/2015,14.4,
667808,375,Nitrogen dioxide (NO2),Mean,ppb,CD,407,Flushing and Whitestone (CD7),Winter 2019-20,12/01/2019,22.99,
823206,365,Fine particles (PM 2.5),Mean,mcg/m3,CD,107,Upper West Side (CD7),Winter 2021-22,12/01/2021,6.790552345,
606059,365,Fine particles (PM 2.5),Mean,mcg/m3,CD,414,Rockaway and Broad Channel (CD14),Annual Average 2018,01/01/2018,6.06,
742559,365,Fine particles (PM 2.5),Mean,mcg/m3,CD,414,Rockaway and Broad Channel (CD14),Summer 2021,06/01/2021,7.248801127,
823566,365,Fine particles (PM 2.5),Mean,mcg/m3,CD,414,Rockaway and Broad Channel (CD14),Winter 2021-22,12/01/2021,5.964648061,
169570,365,Fine particles (PM 2.5),Mean,mcg/m3,CD,414,Rockaway and Broad Channel (CD14),Summer 2013,06/01/2013,9.44,
169511,365,Fine particles (PM 2.5),Mean,mcg/m3,CD,414,Rockaway and Broad Channel (CD14),Summer 2012,06/01/2012,9.41,
411112,365,Fine particles (PM 2.5),Mean,mcg/m3,CD,407,Flushing and Whitestone (CD7),Annual Average 2016,12/31/2015,7.26,
667850,375,Nitrogen dioxide (NO2),Mean,ppb,CD,414,Rockaway and Broad Channel (CD14),Winter 2019-20,12/01/2019,17.49,
643715,375,Nitrogen dioxide (NO2),Mean,ppb,CD,414,Rockaway and Broad Channel (CD14),Summer 2019,06/01/2019,7.22,
877256,375,Nitrogen dioxide (NO2),Mean,ppb,CD,414,Rockaway and Broad Channel (CD14),Annual Average 2023,01/01/2023,9.361544124,
877258,375,Nitrogen dioxide (NO2),Mean,ppb,CD,414,Rockaway and Broad Channel (CD14),Winter 2022-23,12/01/2022,11.87774283,
166030,375,Nitrogen dioxide (NO2),Mean,ppb,CD,414,Rockaway and Broad Channel (CD14),Winter 2012-13,12/01/2012,18.77,
167623,375,Nitrogen dioxide (NO2),Mean,ppb,CD,414,Rockaway and Broad Channel (CD14),Annual Average 2010,12/01/2009,13.95,
176652,375,Nitrogen dioxide (NO2),Mean,ppb,UHF42,211,Williamsburg - Bushwick,Annual Average 2012,12/01/2011,23.43,
176676,375,Nitrogen dioxide (NO2),Mean,ppb,UHF42,504,South Beach - Tottenville,Annual Average 2012,12/01/2011,12.47,
825979,375,Nitrogen dioxide (NO2),Mean,ppb,UHF42,504,South Beach - Tottenville,Summer 2022,06/01/2022,6.854871982,
741094,375,Nitrogen dioxide (NO2),Mean,ppb,UHF34,409,Southeast Queens,Winter 2020-21,12/01/2020,19.77780206,
213607,375,Nitrogen dioxide (NO2),Mean,ppb,CD,307,Sunset Park (CD7),Annual Average 2014,12/01/2013,20.33,
213784,365,Fine particles (PM 2.5),Mean,mcg/m3,CD,307,Sunset Park (CD7),Winter 2013-14,12/01/2013,12.62,
823204,365,Fine particles (PM 2.5),Mean,mcg/m3,CD,107,Upper West Side (CD7),Annual Average 2022,01/01/2022,6.101604201,
213809,365,Fine particles (PM 2.5),Mean,mcg/m3,CD,414,Rockaway and Broad Channel (CD14),Winter 2013-14,12/01/2013,9.87,
606061,365,Fine particles (PM 2.5),Mean,mcg/m3,CD,414,Rockaway and Broad Channel (CD14),Winter 2017-18,12/01/2017,7,
650059,365,Fine particles (PM 2.5),Mean,mcg/m3,CD,414,Rockaway and Broad Channel (CD14),Annual Average 2019,01/01/2019,5.59,
823568,365,Fine particles (PM 2.5),Mean,mcg/m3,CD,414,Rockaway and Broad Channel (CD14),Annual Average 2022,01/01/2022,5.024423733,
667809,375,Nitrogen dioxide (NO2),Mean,ppb,CD,407,Flushing and Whitestone (CD7),Summer 2020,06/01/2020,11.06,
172094,375,Nitrogen dioxide (NO2),Mean,ppb,UHF34,409,Southeast Queens,Summer 2009,06/01/2009,16.05,
336693,375,Nitrogen dioxide (NO2),Mean,ppb,UHF34,409,Southeast Queens,Winter 2014-15,12/01/2014,22.67,
549977,375,Nitrogen dioxide (NO2),Mean,ppb,UHF34,404406,Bayside Little Neck-Fresh Meadows,Annual Average 2017,01/01/2017,17.2,
741111,375,Nitrogen dioxide (NO2),Mean,ppb,UHF34,404406,Bayside Little Neck-Fresh Meadows,Annual Average 2021,01/01/2021,14.30918095,
172099,375,Nitrogen dioxide (NO2),Mean,ppb,UHF34,404406,Bayside Little Neck-Fresh Meadows,Summer 2009,06/01/2009,17.8,
172745,375,Nitrogen dioxide (NO2),Mean,ppb,UHF34,404406,Bayside Little Neck-Fresh Meadows,Annual Average 2013,12/01/2012,17.46,
171657,375,Nitrogen dioxide (NO2),Mean,ppb,UHF34,404406,Bayside Little Neck-Fresh Meadows,Winter 2010-11,12/01/2010,27.47,
336708,375,Nitrogen dioxide (NO2),Mean,ppb,UHF34,404406,Bayside Little Neck-Fresh Meadows,Winter 2014-15,12/01/2014,23,
412520,375,Nitrogen dioxide (NO2),Mean,ppb,UHF42,404,Bayside - Little Neck,Winter 2015-16,12/01/2015,20.9,
412521,375,Nitrogen dioxide (NO2),Mean,ppb,UHF42,404,Bayside - Little Neck,Summer 2016,06/01/2016,12.73,
172196,375,Nitrogen dioxide (NO2),Mean,ppb,UHF34,409,Southeast Queens,Summer 2012,06/01/2012,14.32,
172230,375,Nitrogen dioxide (NO2),Mean,ppb,UHF34,409,Southeast Queens,Summer 2013,06/01/2013,14.59,
602903,375,Nitrogen dioxide (NO2),Mean,ppb,UHF34,409,Southeast Queens,Annual Average 2018,01/01/2018,16.22,
825880,375,Nitrogen dioxide (NO2),Mean,ppb,UHF34,409,Southeast Queens,Winter 2021-22,12/01/2021,18.59771003,
602918,375,Nitrogen dioxide (NO2),Mean,ppb,UHF34,404406,Bayside Little Neck-Fresh Meadows,Annual Average 2018,01/01/2018,16.4,
825865,375,Nitrogen dioxide (NO2),Mean,ppb,UHF34,404406,Bayside Little Neck-Fresh Meadows,Winter 2021-22,12/01/2021,19.88914473,
172201,375,Nitrogen dioxide (NO2),Mean,ppb,UHF34,404406,Bayside Little Neck-Fresh Meadows,Summer 2012,06/01/2012,15.41,
172235,375,Nitrogen dioxide (NO2),Mean,ppb,UHF34,404406,Bayside Little Neck-Fresh Meadows,Summer 2013,06/01/2013,15,
412645,375,Nitrogen dioxide (NO2),Mean,ppb,UHF34,404406,Bayside Little Neck-Fresh Meadows,Annual Average 2016,12/31/2015,17.1,
740987,375,Nitrogen dioxide (NO2),Mean,ppb,UHF42,404,Bayside - Little Neck,Summer 2021,06/01/2021,9.969849112,
412438,375,Nitrogen dioxide (NO2),Mean,ppb,UHF42,104,Pelham - Throgs Neck,Annual Average 2016,12/31/2015,17.92,
176046,375,Nitrogen dioxide (NO2),Mean,ppb,UHF42,504,South Beach - Tottenville,Summer 2012,06/01/2012,8.15,
550106,375,Nitrogen dioxide (NO2),Mean,ppb,CD,315,Sheepshead Bay (CD15),Annual Average 2017,01/01/2017,16.39,
166778,375,Nitrogen dioxide (NO2),Mean,ppb,CD,313,Coney Island (CD13),Summer 2011,06/01/2011,12.93,
826338,375,Nitrogen dioxide (NO2),Mean,ppb,CD,315,Sheepshead Bay (CD15),Winter 2021-22,12/01/2021,19.05259378,
550154,375,Nitrogen dioxide (NO2),Mean,ppb,CD,413,Queens Village (CD13),Annual Average 2017,01/01/2017,16.49,
741288,375,Nitrogen dioxide (NO2),Mean,ppb,CD,413,Queens Village (CD13),Annual Average 2021,01/01/2021,14.62480522,
603095,375,Nitrogen dioxide (NO2),Mean,ppb,CD,413,Queens Village (CD13),Annual Average 2018,01/01/2018,16.26,
741287,375,Nitrogen dioxide (NO2),Mean,ppb,CD,413,Queens Village (CD13),Summer 2021,06/01/2021,10.40210304,
547714,365,Fine particles (PM 2.5),Mean,mcg/m3,CD,315,Sheepshead Bay (CD15),Annual Average 2017,01/01/2017,6.85,
411129,365,Fine particles (PM 2.5),Mean,mcg/m3,CD,413,Queens Village (CD13),Summer 2016,06/01/2016,7.08,
742555,365,Fine particles (PM 2.5),Mean,mcg/m3,CD,413,Queens Village (CD13),Winter 2020-21,12/01/2020,6.621152709,
826072,375,Nitrogen dioxide (NO2),Mean,ppb,CD,413,Queens Village (CD13),Winter 2021-22,12/01/2021,18.77722805,
603049,375,Nitrogen dioxide (NO2),Mean,ppb,CD,315,Sheepshead Bay (CD15),Winter 2017-18,12/01/2017,19.88,
826074,375,Nitrogen dioxide (NO2),Mean,ppb,CD,413,Queens Village (CD13),Annual Average 2022,01/01/2022,14.27800685,
643711,375,Nitrogen dioxide (NO2),Mean,ppb,CD,413,Queens Village (CD13),Annual Average 2019,01/01/2019,14.55,
603097,375,Nitrogen dioxide (NO2),Mean,ppb,CD,413,Queens Village (CD13),Winter 2017-18,12/01/2017,21.61,
334347,365,Fine particles (PM 2.5),Mean,mcg/m3,CD,413,Queens Village (CD13),Winter 2014-15,12/01/2014,8.23,
547762,365,Fine particles (PM 2.5),Mean,mcg/m3,CD,413,Queens Village (CD13),Annual Average 2017,01/01/2017,6.77,
742557,365,Fine particles (PM 2.5),Mean,mcg/m3,CD,413,Queens Village (CD13),Annual Average 2021,01/01/2021,6.338519067,
877201,375,Nitrogen dioxide (NO2),Mean,ppb,CD,313,Coney Island (CD13),Winter 2022-23,12/01/2022,18.02621754,
877199,375,Nitrogen dioxide (NO2),Mean,ppb,CD,313,Coney Island (CD13),Annual Average 2023,01/01/2023,13.49860962,
411130,365,Fine particles (PM 2.5),Mean,mcg/m3,CD,413,Queens Village (CD13),Annual Average 2016,12/31/2015,6.53,
606056,365,Fine particles (PM 2.5),Mean,mcg/m3,CD,413,Queens Village (CD13),Annual Average 2018,01/01/2018,6.44,
823563,365,Fine particles (PM 2.5),Mean,mcg/m3,CD,413,Queens Village (CD13),Winter 2021-22,12/01/2021,6.442329619,
742556,365,Fine particles (PM 2.5),Mean,mcg/m3,CD,413,Queens Village (CD13),Summer 2021,06/01/2021,7.801814418,
336884,375,Nitrogen dioxide (NO2),Mean,ppb,CD,413,Queens Village (CD13),Summer 2015,06/01/2015,12.07,
643712,375,Nitrogen dioxide (NO2),Mean,ppb,CD,413,Queens Village (CD13),Summer 2019,06/01/2019,13.03,
667844,375,Nitrogen dioxide (NO2),Mean,ppb,CD,413,Queens Village (CD13),Winter 2019-20,12/01/2019,20.17,
877255,375,Nitrogen dioxide (NO2),Mean,ppb,CD,413,Queens Village (CD13),Winter 2022-23,12/01/2022,17.795487,
877253,375,Nitrogen dioxide (NO2),Mean,ppb,CD,413,Queens Village (CD13),Annual Average 2023,01/01/2023,14.84317832,
172136,375,Nitrogen dioxide (NO2),Mean,ppb,UHF34,105106107,South Bronx,Summer 2010,06/01/2010,22.13,
741091,375,Nitrogen dioxide (NO2),Mean,ppb,UHF34,408,Jamaica,Winter 2020-21,12/01/2020,20.87859767,
650002,365,Fine particles (PM 2.5),Mean,mcg/m3,CD,313,Coney Island (CD13),Annual Average 2019,01/01/2019,5.98,
650008,365,Fine particles (PM 2.5),Mean,mcg/m3,CD,315,Sheepshead Bay (CD15),Annual Average 2019,01/01/2019,6.07,
176088,375,Nitrogen dioxide (NO2),Mean,ppb,UHF42,504,South Beach - Tottenville,Summer 2013,06/01/2013,7.62,
168449,365,Fine particles (PM 2.5),Mean,mcg/m3,CD,414,Rockaway and Broad Channel (CD14),Winter 2008-09,12/01/2008,10.19,
649985,365,Fine particles (PM 2.5),Mean,mcg/m3,CD,307,Sunset Park (CD7),Summer 2019,06/01/2019,8.9,
178535,365,Fine particles (PM 2.5),Mean,mcg/m3,UHF42,204,East New York,Annual Average 2012,12/01/2011,8.94,
178542,365,Fine particles (PM 2.5),Mean,mcg/m3,UHF42,211,Williamsburg - Bushwick,Annual Average 2012,12/01/2011,9.7,
178556,365,Fine particles (PM 2.5),Mean,mcg/m3,UHF42,404,Bayside - Little Neck,Annual Average 2012,12/01/2011,8.55,
178566,365,Fine particles (PM 2.5),Mean,mcg/m3,UHF42,504,South Beach - Tottenville,Annual Average 2012,12/01/2011,8.28,
179786,640,Boiler Emissions- Total SO2 Emissions,Number per km2,number,UHF42,211,Williamsburg - Bushwick,2015,01/01/2015,0.3,
177233,365,Fine particles (PM 2.5),Mean,mcg/m3,UHF42,204,East New York,Winter 2010-11,12/01/2010,11.75,
177779,365,Fine particles (PM 2.5),Mean,mcg/m3,UHF42,204,East New York,Summer 2009,06/01/2009,10.08,
177240,365,Fine particles (PM 2.5),Mean,mcg/m3,UHF42,211,Williamsburg - Bushwick,Winter 2010-11,12/01/2010,14.57,
177786,365,Fine particles (PM 2.5),Mean,mcg/m3,UHF42,211,Williamsburg - Bushwick,Summer 2009,06/01/2009,12.74,
178584,365,Fine particles (PM 2.5),Mean,mcg/m3,UHF42,211,Williamsburg - Bushwick,Annual Average 2013,12/01/2012,9.36,
547432,365,Fine particles (PM 2.5),Mean,mcg/m3,UHF42,304,Upper West Side,Annual Average 2017,01/01/2017,8.33,
177800,365,Fine particles (PM 2.5),Mean,mcg/m3,UHF42,404,Bayside - Little Neck,Summer 2009,06/01/2009,9.87,
178598,365,Fine particles (PM 2.5),Mean,mcg/m3,UHF42,404,Bayside - Little Neck,Annual Average 2013,12/01/2012,8.08,
742257,365,Fine particles (PM 2.5),Mean,mcg/m3,UHF42,404,Bayside - Little Neck,Annual Average 2021,01/01/2021,6.290971464,
742378,365,Fine particles (PM 2.5),Mean,mcg/m3,UHF34,404406,Bayside Little Neck-Fresh Meadows,Winter 2020-21,12/01/2020,6.407498086,
173663,365,Fine particles (PM 2.5),Mean,mcg/m3,UHF34,404406,Bayside Little Neck-Fresh Meadows,Summer 2010,06/01/2010,11.31,
173697,365,Fine particles (PM 2.5),Mean,mcg/m3,UHF34,404406,Bayside Little Neck-Fresh Meadows,Summer 2011,06/01/2011,11.04,
410952,365,Fine particles (PM 2.5),Mean,mcg/m3,UHF34,404406,Bayside Little Neck-Fresh Meadows,Summer 2016,06/01/2016,7.47,
410951,365,Fine particles (PM 2.5),Mean,mcg/m3,UHF34,404406,Bayside Little Neck-Fresh Meadows,Winter 2015-16,12/01/2015,7.43,
874806,365,Fine particles (PM 2.5),Mean,mcg/m3,CD,314,Flatbush and Midwood (CD14),Annual Average 2023,01/01/2023,6.529592865,
214138,365,Fine particles (PM 2.5),Mean,mcg/m3,CD,307,Sunset Park (CD7),Annual Average 2014,12/01/2013,9.7,
334327,365,Fine particles (PM 2.5),Mean,mcg/m3,CD,407,Flushing and Whitestone (CD7),Annual Average 2015,01/01/2015,8.48,
213961,365,Fine particles (PM 2.5),Mean,mcg/m3,CD,307,Sunset Park (CD7),Summer 2014,06/01/2014,9.55,
649986,365,Fine particles (PM 2.5),Mean,mcg/m3,CD,307,Sunset Park (CD7),Winter 2018-19,12/01/2018,8.02,
130428,640,Boiler Emissions- Total SO2 Emissions,Number per km2,number,UHF42,404,Bayside - Little Neck,2013,01/01/2013,1.6,
176718,375,Nitrogen dioxide (NO2),Mean,ppb,UHF42,504,South Beach - Tottenville,Annual Average 2013,12/01/2012,11.51,
175374,375,Nitrogen dioxide (NO2),Mean,ppb,UHF42,504,South Beach - Tottenville,Winter 2010-11,12/01/2010,20.56,
175920,375,Nitrogen dioxide (NO2),Mean,ppb,UHF42,504,South Beach - Tottenville,Summer 2009,06/01/2009,10.8,
177863,365,Fine particles (PM 2.5),Mean,mcg/m3,UHF42,204,East New York,Summer 2011,06/01/2011,10.9,
823517,365,Fine particles (PM 2.5),Mean,mcg/m3,CD,315,Sheepshead Bay (CD15),Annual Average 2022,01/01/2022,5.389991444,
606058,365,Fine particles (PM 2.5),Mean,mcg/m3,CD,413,Queens Village (CD13),Winter 2017-18,12/01/2017,7.47,
165952,375,Nitrogen dioxide (NO2),Mean,ppb,CD,313,Coney Island (CD13),Winter 2011-12,12/01/2011,18.16,
550105,375,Nitrogen dioxide (NO2),Mean,ppb,CD,315,Sheepshead Bay (CD15),Summer 2017,06/01/2017,10.99,
172102,375,Nitrogen dioxide (NO2),Mean,ppb,UHF34,105106107,South Bronx,Summer 2009,06/01/2009,24.57,
336690,375,Nitrogen dioxide (NO2),Mean,ppb,UHF34,408,Jamaica,Winter 2014-15,12/01/2014,23.94,
741093,375,Nitrogen dioxide (NO2),Mean,ppb,UHF34,408,Jamaica,Annual Average 2021,01/01/2021,15.2992962,
741120,375,Nitrogen dioxide (NO2),Mean,ppb,UHF34,105106107,South Bronx,Annual Average 2021,01/01/2021,18.11753712,
650056,365,Fine particles (PM 2.5),Mean,mcg/m3,CD,413,Queens Village (CD13),Annual Average 2019,01/01/2019,6.03,
823565,365,Fine particles (PM 2.5),Mean,mcg/m3,CD,413,Queens Village (CD13),Annual Average 2022,01/01/2022,5.441903521,
742315,365,Fine particles (PM 2.5),Mean,mcg/m3,UHF34,206,Borough Park,Winter 2020-21,12/01/2020,6.651149578,
173686,365,Fine particles (PM 2.5),Mean,mcg/m3,UHF34,401,Long Island City - Astoria,Summer 2011,06/01/2011,12.33,
742360,365,Fine particles (PM 2.5),Mean,mcg/m3,UHF34,408,Jamaica,Winter 2020-21,12/01/2020,6.690577085,
874805,365,Fine particles (PM 2.5),Mean,mcg/m3,CD,313,Coney Island (CD13),Winter 2022-23,12/01/2022,5.764514434,
669923,365,Fine particles (PM 2.5),Mean,mcg/m3,CD,315,Sheepshead Bay (CD15),Winter 2019-20,12/01/2019,6.97,
874811,365,Fine particles (PM 2.5),Mean,mcg/m3,CD,315,Sheepshead Bay (CD15),Winter 2022-23,12/01/2022,5.783695731,
606003,365,Fine particles (PM 2.5),Mean,mcg/m3,CD,313,Coney Island (CD13),Summer 2018,06/01/2018,7.83,
547713,365,Fine particles (PM 2.5),Mean,mcg/m3,CD,315,Sheepshead Bay (CD15),Summer 2017,06/01/2017,8.25,
742387,365,Fine particles (PM 2.5),Mean,mcg/m3,UHF34,105106107,South Bronx,Winter 2020-21,12/01/2020,6.835494527,
173176,365,Fine particles (PM 2.5),Mean,mcg/m3,UHF34,401,Long Island City - Astoria,Winter 2010-11,12/01/2010,13.64,
172739,375,Nitrogen dioxide (NO2),Mean,ppb,UHF34,408,Jamaica,Annual Average 2013,12/01/2012,18.96,
741119,375,Nitrogen dioxide (NO2),Mean,ppb,UHF34,105106107,South Bronx,Summer 2021,06/01/2021,14.46094161,
825856,375,Nitrogen dioxide (NO2),Mean,ppb,UHF34,105106107,South Bronx,Winter 2021-22,12/01/2021,22.85584381,
172229,375,Nitrogen dioxide (NO2),Mean,ppb,UHF34,408,Jamaica,Summer 2013,06/01/2013,16.57,
410890,365,Fine particles (PM 2.5),Mean,mcg/m3,UHF34,206,Borough Park,Annual Average 2016,12/31/2015,7.45,
742316,365,Fine particles (PM 2.5),Mean,mcg/m3,UHF34,206,Borough Park,Summer 2021,06/01/2021,8.338108221,
173720,365,Fine particles (PM 2.5),Mean,mcg/m3,UHF34,401,Long Island City - Astoria,Summer 2012,06/01/2012,11.18,
173754,365,Fine particles (PM 2.5),Mean,mcg/m3,UHF34,401,Long Island City - Astoria,Summer 2013,06/01/2013,11.07,
602902,375,Nitrogen dioxide (NO2),Mean,ppb,UHF34,408,Jamaica,Winter 2017-18,12/01/2017,23.83,
825854,375,Nitrogen dioxide (NO2),Mean,ppb,UHF34,105106107,South Bronx,Annual Average 2022,01/01/2022,17.25017525,
602887,375,Nitrogen dioxide (NO2),Mean,ppb,UHF34,401,Long Island City - Astoria,Winter 2017-18,12/01/2017,27.14,
643501,375,Nitrogen dioxide (NO2),Mean,ppb,UHF34,401,Long Island City - Astoria,Annual Average 2019,01/01/2019,20.24,
211576,375,Nitrogen dioxide (NO2),Mean,ppb,UHF34,408,Jamaica,Winter 2013-14,12/01/2013,26.89,
643516,375,Nitrogen dioxide (NO2),Mean,ppb,UHF34,408,Jamaica,Annual Average 2019,01/01/2019,15.51,
825881,375,Nitrogen dioxide (NO2),Mean,ppb,UHF34,408,Jamaica,Annual Average 2022,01/01/2022,14.86027012,
177821,365,Fine particles (PM 2.5),Mean,mcg/m3,UHF42,204,East New York,Summer 2010,06/01/2010,11.26,
177870,365,Fine particles (PM 2.5),Mean,mcg/m3,UHF42,211,Williamsburg - Bushwick,Summer 2011,06/01/2011,13.48,
410828,365,Fine particles (PM 2.5),Mean,mcg/m3,UHF42,404,Bayside - Little Neck,Winter 2015-16,12/01/2015,7.37,
410829,365,Fine particles (PM 2.5),Mean,mcg/m3,UHF42,404,Bayside - Little Neck,Summer 2016,06/01/2016,7.38,
742255,365,Fine particles (PM 2.5),Mean,mcg/m3,UHF42,404,Bayside - Little Neck,Winter 2020-21,12/01/2020,6.409598292,
173743,365,Fine particles (PM 2.5),Mean,mcg/m3,UHF34,205,Sunset Park,Summer 2013,06/01/2013,10.62,
605813,365,Fine particles (PM 2.5),Mean,mcg/m3,UHF34,205,Sunset Park,Annual Average 2018,01/01/2018,7.72,
177852,365,Fine particles (PM 2.5),Mean,mcg/m3,UHF42,504,South Beach - Tottenville,Summer 2010,06/01/2010,11.25,
171584,375,Nitrogen dioxide (NO2),Mean,ppb,UHF34,409,Southeast Queens,Winter 2008-09,12/01/2008,25.88,
602905,375,Nitrogen dioxide (NO2),Mean,ppb,UHF34,409,Southeast Queens,Winter 2017-18,12/01/2017,21.61,
825878,375,Nitrogen dioxide (NO2),Mean,ppb,UHF34,409,Southeast Queens,Annual Average 2022,01/01/2022,14.11301581,
643534,375,Nitrogen dioxide (NO2),Mean,ppb,UHF34,404406,Bayside Little Neck-Fresh Meadows,Annual Average 2019,01/01/2019,14.65,
825863,375,Nitrogen dioxide (NO2),Mean,ppb,UHF34,404406,Bayside Little Neck-Fresh Meadows,Annual Average 2022,01/01/2022,14.84032198,
171589,375,Nitrogen dioxide (NO2),Mean,ppb,UHF34,404406,Bayside Little Neck-Fresh Meadows,Winter 2008-09,12/01/2008,26.5,
211582,375,Nitrogen dioxide (NO2),Mean,ppb,UHF34,404406,Bayside Little Neck-Fresh Meadows,Winter 2013-14,12/01/2013,25.9,
177947,365,Fine particles (PM 2.5),Mean,mcg/m3,UHF42,204,East New York,Summer 2013,06/01/2013,9.68,
177912,365,Fine particles (PM 2.5),Mean,mcg/m3,UHF42,211,Williamsburg - Bushwick,Summer 2012,06/01/2012,12.31